S0,S1,S2,S3,S4,up
0.010247276519877224,-0.003627700023889461,0.016465405833521747,-0.04674528828429692,0.10228224143163223,1
-0.003627700023889461,0.016465405833521747,-0.04674528828429692,0.10228224143163223,0.07626325269540453,1
0.016465405833521747,-0.04674528828429692,0.10228224143163223,0.07626325269540453,0.0807073111304178,1
-0.04674528828429692,0.10228224143163223,0.07626325269540453,0.0807073111304178,0.02814210609882201,1
0.10228224143163223,0.07626325269540453,0.0807073111304178,0.02814210609882201,-0.09162774284653011,1
0.07626325269540453,0.0807073111304178,0.02814210609882201,-0.09162774284653011,0.04971088082544885,1
0.0807073111304178,0.02814210609882201,-0.09162774284653011,0.04971088082544885,-0.03187584038069524,1
0.02814210609882201,-0.09162774284653011,0.04971088082544885,-0.03187584038069524,-0.11156372867585755,0
-0.09162774284653011,0.04971088082544885,-0.03187584038069524,-0.11156372867585755,0.037808694733522,0
0.04971088082544885,-0.03187584038069524,-0.11156372867585755,0.037808694733522,-0.05341529126155865,0
-0.03187584038069524,-0.11156372867585755,0.037808694733522,-0.05341529126155865,-0.03942720660001299,0
-0.11156372867585755,0.037808694733522,-0.05341529126155865,-0.03942720660001299,-0.0037273928086760857,0
0.037808694733522,-0.05341529126155865,-0.03942720660001299,-0.0037273928086760857,-0.09241319590450624,0
-0.05341529126155865,-0.03942720660001299,-0.0037273928086760857,-0.09241319590450624,0.0383627419735801,0
-0.03942720660001299,-0.0037273928086760857,-0.09241319590450624,0.0383627419735801,-0.06356638549610784,0
-0.0037273928086760857,-0.09241319590450624,0.0383627419735801,-0.06356638549610784,-0.0796953095206643,0
-0.09241319590450624,0.0383627419735801,-0.06356638549610784,-0.0796953095206643,-0.05108209272857171,0
0.0383627419735801,-0.06356638549610784,-0.0796953095206643,-0.05108209272857171,0.049418437851389434,0
-0.06356638549610784,-0.0796953095206643,-0.05108209272857171,0.049418437851389434,0.030507196320971,0
-0.0796953095206643,-0.05108209272857171,0.049418437851389434,0.030507196320971,-0.09719350804060276,0
-0.05108209272857171,0.049418437851389434,0.030507196320971,-0.09719350804060276,0.07667957640596076,1
0.049418437851389434,0.030507196320971,-0.09719350804060276,0.07667957640596076,-0.03341940359009723,1
0.030507196320971,-0.09719350804060276,0.07667957640596076,-0.03341940359009723,0.023971015355630357,1
-0.09719350804060276,0.07667957640596076,-0.03341940359009723,0.023971015355630357,-0.004438439732732243,0
0.07667957640596076,-0.03341940359009723,0.023971015355630357,-0.004438439732732243,-0.019240835912130112,1
-0.03341940359009723,0.023971015355630357,-0.004438439732732243,-0.019240835912130112,-0.09781500500908026,0
0.023971015355630357,-0.004438439732732243,-0.019240835912130112,-0.09781500500908026,0.09690188023897196,0
-0.004438439732732243,-0.019240835912130112,-0.09781500500908026,0.09690188023897196,-0.04084562313169981,0
-0.019240835912130112,-0.09781500500908026,0.09690188023897196,-0.04084562313169981,-0.13071822100763783,0
-0.09781500500908026,0.09690188023897196,-0.04084562313169981,-0.13071822100763783,-0.08002995513817537,0
0.09690188023897196,-0.04084562313169981,-0.13071822100763783,-0.08002995513817537,-0.05505933016829255,0
-0.04084562313169981,-0.13071822100763783,-0.08002995513817537,-0.05505933016829255,0.06691588538082538,0
-0.13071822100763783,-0.08002995513817537,-0.05505933016829255,0.06691588538082538,0.035753429571664885,0
-0.08002995513817537,-0.05505933016829255,0.06691588538082538,0.035753429571664885,0.04727904317227459,1
-0.05505933016829255,0.06691588538082538,0.035753429571664885,0.04727904317227459,0.05474782969484783,1
0.06691588538082538,0.035753429571664885,0.04727904317227459,0.05474782969484783,0.005355820815143148,1
0.035753429571664885,0.04727904317227459,0.05474782969484783,0.005355820815143148,0.02959834555317655,1
0.04727904317227459,0.05474782969484783,0.005355820815143148,0.02959834555317655,0.09986214570681481,1
0.05474782969484783,0.005355820815143148,0.02959834555317655,0.09986214570681481,-0.010602131732030132,1
0.005355820815143148,0.02959834555317655,0.09986214570681481,-0.010602131732030132,0.03377299080024966,1
0.02959834555317655,0.09986214570681481,-0.010602131732030132,0.03377299080024966,0.029132038157943456,1
0.09986214570681481,-0.010602131732030132,0.03377299080024966,0.029132038157943456,-0.0017170573050665444,1
-0.010602131732030132,0.03377299080024966,0.029132038157943456,-0.0017170573050665444,0.025497101798626503,1
0.03377299080024966,0.029132038157943456,-0.0017170573050665444,0.025497101798626503,0.09884472761131721,1
0.029132038157943456,-0.0017170573050665444,0.025497101798626503,0.09884472761131721,0.025980910281140884,1
-0.0017170573050665444,0.025497101798626503,0.09884472761131721,0.025980910281140884,0.0344594384547443,1
0.025497101798626503,0.09884472761131721,0.025980910281140884,0.0344594384547443,-0.05969361148442845,1
0.09884472761131721,0.025980910281140884,0.0344594384547443,-0.05969361148442845,0.09543118350246005,1
0.025980910281140884,0.0344594384547443,-0.05969361148442845,0.09543118350246005,-0.13481305885256586,0
0.0344594384547443,-0.05969361148442845,0.09543118350246005,-0.13481305885256586,-0.014134348192073778,0
-0.05969361148442845,0.09543118350246005,-0.13481305885256586,-0.014134348192073778,0.057613982789206784,0
0.09543118350246005,-0.13481305885256586,-0.014134348192073778,0.057613982789206784,-0.13493785413540246,0
-0.13481305885256586,-0.014134348192073778,0.057613982789206784,-0.13493785413540246,-0.11633505644809318,0
-0.014134348192073778,0.057613982789206784,-0.13493785413540246,-0.11633505644809318,0.03211578784756211,0
0.057613982789206784,-0.13493785413540246,-0.11633505644809318,0.03211578784756211,0.05916797402613759,0
-0.13493785413540246,-0.11633505644809318,0.03211578784756211,0.05916797402613759,0.08431619542830487,0
-0.11633505644809318,0.03211578784756211,0.05916797402613759,0.08431619542830487,-0.11980755144335978,0
0.03211578784756211,0.05916797402613759,0.08431619542830487,-0.11980755144335978,0.03197613207645034,1
0.05916797402613759,0.08431619542830487,-0.11980755144335978,0.03197613207645034,-0.09627608165191016,0
0.08431619542830487,-0.11980755144335978,0.03197613207645034,-0.09627608165191016,0.10630884112508454,1
-0.11980755144335978,0.03197613207645034,-0.09627608165191016,0.10630884112508454,0.004907819617507492,0
0.03197613207645034,-0.09627608165191016,0.10630884112508454,0.004907819617507492,0.10251115490142346,1
-0.09627608165191016,0.10630884112508454,0.004907819617507492,0.10251115490142346,-0.048525738476510503,1
0.10630884112508454,0.004907819617507492,0.10251115490142346,-0.048525738476510503,-0.046044494209031686,1
0.004907819617507492,0.10251115490142346,-0.048525738476510503,-0.046044494209031686,0.09965691774752392,1
0.10251115490142346,-0.048525738476510503,-0.046044494209031686,0.09965691774752392,0.10190091656465738,1
-0.048525738476510503,-0.046044494209031686,0.09965691774752392,0.10190091656465738,-0.057201902427257624,1
-0.046044494209031686,0.09965691774752392,0.10190091656465738,-0.057201902427257624,-0.036360696118144006,1
0.09965691774752392,0.10190091656465738,-0.057201902427257624,-0.036360696118144006,-0.025531390491398392,1
0.10190091656465738,-0.057201902427257624,-0.036360696118144006,-0.025531390491398392,-0.011301747768444684,0
-0.057201902427257624,-0.036360696118144006,-0.025531390491398392,-0.011301747768444684,0.06667369677652507,0
-0.036360696118144006,-0.025531390491398392,-0.011301747768444684,0.06667369677652507,-0.02519774146905943,0
-0.025531390491398392,-0.011301747768444684,0.06667369677652507,-0.02519774146905943,0.04465142225429898,1
-0.011301747768444684,0.06667369677652507,-0.02519774146905943,0.04465142225429898,-0.0022304675498769533,1
0.06667369677652507,-0.02519774146905943,0.04465142225429898,-0.0022304675498769533,-0.062197799164402635,1
-0.02519774146905943,0.04465142225429898,-0.0022304675498769533,-0.062197799164402635,-0.1302821368911394,0
0.04465142225429898,-0.0022304675498769533,-0.062197799164402635,-0.1302821368911394,0.0008922832470683931,0
-0.0022304675498769533,-0.062197799164402635,-0.1302821368911394,0.0008922832470683931,0.01974087519467363,0
-0.062197799164402635,-0.1302821368911394,0.0008922832470683931,0.01974087519467363,-0.12708653233023565,0
-0.1302821368911394,0.0008922832470683931,0.01974087519467363,-0.12708653233023565,-0.10804449049632084,0
0.0008922832470683931,0.01974087519467363,-0.12708653233023565,-0.10804449049632084,0.08983672562182331,0
0.01974087519467363,-0.12708653233023565,-0.10804449049632084,0.08983672562182331,0.07390873995559162,0
-0.12708653233023565,-0.10804449049632084,0.08983672562182331,0.07390873995559162,-0.02075673081976354,0
-0.10804449049632084,0.08983672562182331,0.07390873995559162,-0.02075673081976354,0.08885970353183312,1
0.08983672562182331,0.07390873995559162,-0.02075673081976354,0.08885970353183312,-0.10405497804310379,1
0.07390873995559162,-0.02075673081976354,0.08885970353183312,-0.10405497804310379,0.036538796820336256,1
-0.02075673081976354,0.08885970353183312,-0.10405497804310379,0.036538796820336256,0.0992727604925247,1
0.08885970353183312,-0.10405497804310379,0.036538796820336256,0.0992727604925247,-0.12267082097640415,0
-0.10405497804310379,0.036538796820336256,0.0992727604925247,-0.12267082097640415,-0.12311968914377916,0
0.036538796820336256,0.0992727604925247,-0.12267082097640415,-0.12311968914377916,-0.02865852078614455,0
0.0992727604925247,-0.12267082097640415,-0.12311968914377916,-0.02865852078614455,-0.010002945069993923,0
-0.12267082097640415,-0.12311968914377916,-0.02865852078614455,-0.010002945069993923,-0.09527271493629368,0
-0.12311968914377916,-0.02865852078614455,-0.010002945069993923,-0.09527271493629368,-0.07126232080912984,0
-0.02865852078614455,-0.010002945069993923,-0.09527271493629368,-0.07126232080912984,0.0928494460026704,0
-0.010002945069993923,-0.09527271493629368,-0.07126232080912984,0.0928494460026704,0.10314829021624068,1
-0.09527271493629368,-0.07126232080912984,0.0928494460026704,0.10314829021624068,-0.05319630033670422,0
-0.07126232080912984,0.0928494460026704,0.10314829021624068,-0.05319630033670422,0.013419754884187816,1
0.0928494460026704,0.10314829021624068,-0.05319630033670422,0.013419754884187816,0.00805246607260535,1
0.10314829021624068,-0.05319630033670422,0.013419754884187816,0.00805246607260535,-0.04242775899477473,1
-0.05319630033670422,0.013419754884187816,0.00805246607260535,-0.04242775899477473,0.035331584757397234,0
0.013419754884187816,0.00805246607260535,-0.04242775899477473,0.035331584757397234,0.08686438243412406,1
0.00805246607260535,-0.04242775899477473,0.035331584757397234,0.08686438243412406,-0.04412507352253007,1
-0.04242775899477473,0.035331584757397234,0.08686438243412406,-0.04412507352253007,0.0901859685251567,1
0.035331584757397234,0.08686438243412406,-0.04412507352253007,0.0901859685251567,0.09124579303689266,1
0.08686438243412406,-0.04412507352253007,0.0901859685251567,0.09124579303689266,0.09606381065396122,1
-0.04412507352253007,0.0901859685251567,0.09124579303689266,0.09606381065396122,0.025711975576763205,1
0.0901859685251567,0.09124579303689266,0.09606381065396122,0.025711975576763205,0.07988874217012809,1
0.09124579303689266,0.09606381065396122,0.025711975576763205,0.07988874217012809,0.035405357171914266,1
0.09606381065396122,0.025711975576763205,0.07988874217012809,0.035405357171914266,-0.01878671897276837,1
0.025711975576763205,0.07988874217012809,0.035405357171914266,-0.01878671897276837,0.06720599885615489,1
0.07988874217012809,0.035405357171914266,-0.01878671897276837,0.06720599885615489,-0.0027785509894915046,1
0.035405357171914266,-0.01878671897276837,0.06720599885615489,-0.0027785509894915046,-0.06965067914215199,1
-0.01878671897276837,0.06720599885615489,-0.0027785509894915046,-0.06965067914215199,-0.005947331477110159,0
0.06720599885615489,-0.0027785509894915046,-0.06965067914215199,-0.005947331477110159,0.08918866048753107,1
-0.0027785509894915046,-0.06965067914215199,-0.005947331477110159,0.08918866048753107,0.08059671390911465,1
-0.06965067914215199,-0.005947331477110159,0.08918866048753107,0.08059671390911465,0.03498023263597427,1
-0.005947331477110159,0.08918866048753107,0.08059671390911465,0.03498023263597427,-0.026975335038195037,1
0.08918866048753107,0.08059671390911465,0.03498023263597427,-0.026975335038195037,0.04946041256722999,1
0.08059671390911465,0.03498023263597427,-0.026975335038195037,0.04946041256722999,0.009250397294576959,1
0.03498023263597427,-0.026975335038195037,0.04946041256722999,0.009250397294576959,0.096662419701708,1
-0.026975335038195037,0.04946041256722999,0.009250397294576959,0.096662419701708,0.045254989024005536,1
0.04946041256722999,0.009250397294576959,0.096662419701708,0.045254989024005536,0.007290959377741531,1
0.009250397294576959,0.096662419701708,0.045254989024005536,0.007290959377741531,0.001797191321609614,1
0.096662419701708,0.045254989024005536,0.007290959377741531,0.001797191321609614,0.055644549636750515,1
0.045254989024005536,0.007290959377741531,0.001797191321609614,0.055644549636750515,0.04866728692125476,1
0.007290959377741531,0.001797191321609614,0.055644549636750515,0.04866728692125476,0.040085730267460616,1
0.001797191321609614,0.055644549636750515,0.04866728692125476,0.040085730267460616,0.04918606517373721,1
0.055644549636750515,0.04866728692125476,0.040085730267460616,0.04918606517373721,0.021652895859635264,1
0.04866728692125476,0.040085730267460616,0.04918606517373721,0.021652895859635264,0.08165537308273994,1
0.040085730267460616,0.04918606517373721,0.021652895859635264,0.08165537308273994,0.05032087733510239,1
0.04918606517373721,0.021652895859635264,0.08165537308273994,0.05032087733510239,0.0022927355655761963,1
0.021652895859635264,0.08165537308273994,0.05032087733510239,0.0022927355655761963,0.010206353256559006,1
0.08165537308273994,0.05032087733510239,0.0022927355655761963,0.010206353256559006,0.07041549690388746,1
0.05032087733510239,0.0022927355655761963,0.010206353256559006,0.07041549690388746,0.036544721242534446,1
0.0022927355655761963,0.010206353256559006,0.07041549690388746,0.036544721242534446,0.05031681014441057,1
0.010206353256559006,0.07041549690388746,0.036544721242534446,0.05031681014441057,0.04386081447413966,1
0.07041549690388746,0.036544721242534446,0.05031681014441057,0.04386081447413966,-0.009103788092563072,1
0.036544721242534446,0.05031681014441057,0.04386081447413966,-0.009103788092563072,0.03721655700308228,1
0.05031681014441057,0.04386081447413966,-0.009103788092563072,0.03721655700308228,0.09483006921923445,1
0.04386081447413966,-0.009103788092563072,0.03721655700308228,0.09483006921923445,0.006071583818246856,1
-0.009103788092563072,0.03721655700308228,0.09483006921923445,0.006071583818246856,0.005563914434374041,1
0.03721655700308228,0.09483006921923445,0.006071583818246856,0.005563914434374041,-0.004214111256976764,1
0.09483006921923445,0.006071583818246856,0.005563914434374041,-0.004214111256976764,0.08039553738413009,1
0.006071583818246856,0.005563914434374041,-0.004214111256976764,0.08039553738413009,0.10120125389940629,1
0.005563914434374041,-0.004214111256976764,0.08039553738413009,0.10120125389940629,-0.04909105716699364,1
-0.004214111256976764,0.08039553738413009,0.10120125389940629,-0.04909105716699364,0.06380891359920282,1
0.08039553738413009,0.10120125389940629,-0.04909105716699364,0.06380891359920282,-0.09621190017915653,1
0.10120125389940629,-0.04909105716699364,0.06380891359920282,-0.09621190017915653,0.001230803500850912,1
-0.04909105716699364,0.06380891359920282,-0.09621190017915653,0.001230803500850912,0.06088969513082165,0
0.06380891359920282,-0.09621190017915653,0.001230803500850912,0.06088969513082165,0.015590691939812825,1
-0.09621190017915653,0.001230803500850912,0.06088969513082165,0.015590691939812825,-0.06696187438880011,0
0.001230803500850912,0.06088969513082165,0.015590691939812825,-0.06696187438880011,0.09500766338265554,1
0.06088969513082165,0.015590691939812825,-0.06696187438880011,0.09500766338265554,0.0842161664518704,1
0.015590691939812825,-0.06696187438880011,0.09500766338265554,0.0842161664518704,-0.010397845748736537,1
-0.06696187438880011,0.09500766338265554,0.0842161664518704,-0.010397845748736537,-0.10084825672478517,1
0.09500766338265554,0.0842161664518704,-0.010397845748736537,-0.10084825672478517,0.07934500247844072,1
0.0842161664518704,-0.010397845748736537,-0.10084825672478517,0.07934500247844072,-0.11532206511139712,0
-0.010397845748736537,-0.10084825672478517,0.07934500247844072,-0.11532206511139712,0.020276323458627545,0
-0.10084825672478517,0.07934500247844072,-0.11532206511139712,0.020276323458627545,-0.028084952573113775,0
0.07934500247844072,-0.11532206511139712,0.020276323458627545,-0.028084952573113775,0.10275853572901511,1
-0.11532206511139712,0.020276323458627545,-0.028084952573113775,0.10275853572901511,-0.005636968134049136,0
0.020276323458627545,-0.028084952573113775,0.10275853572901511,-0.005636968134049136,-0.06495709371948681,1
-0.028084952573113775,0.10275853572901511,-0.005636968134049136,-0.06495709371948681,-0.08782121360719036,0
0.10275853572901511,-0.005636968134049136,-0.06495709371948681,-0.08782121360719036,0.02795096938816468,0
-0.005636968134049136,-0.06495709371948681,-0.08782121360719036,0.02795096938816468,-0.08431641499125604,0
-0.06495709371948681,-0.08782121360719036,0.02795096938816468,-0.08431641499125604,-0.09253200420367756,0
-0.08782121360719036,0.02795096938816468,-0.08431641499125604,-0.09253200420367756,-0.01645138666776893,0
0.02795096938816468,-0.08431641499125604,-0.09253200420367756,-0.01645138666776893,-0.013594159351399094,0
-0.08431641499125604,-0.09253200420367756,-0.01645138666776893,-0.013594159351399094,-0.012836124247386923,0
-0.09253200420367756,-0.01645138666776893,-0.013594159351399094,-0.012836124247386923,-0.11191651339683373,0
-0.01645138666776893,-0.013594159351399094,-0.012836124247386923,-0.11191651339683373,0.044784103572025634,0
-0.013594159351399094,-0.012836124247386923,-0.11191651339683373,0.044784103572025634,0.04087679933179407,0
-0.012836124247386923,-0.11191651339683373,0.044784103572025634,0.04087679933179407,-0.0372503708436035,0
-0.11191651339683373,0.044784103572025634,0.04087679933179407,-0.0372503708436035,0.04355772082885208,0
0.044784103572025634,0.04087679933179407,-0.0372503708436035,0.04355772082885208,0.06664519484067782,1
0.04087679933179407,-0.0372503708436035,0.04355772082885208,0.06664519484067782,0.08840579959913804,1
-0.0372503708436035,0.04355772082885208,0.06664519484067782,0.08840579959913804,0.01496668511806915,1
0.04355772082885208,0.06664519484067782,0.08840579959913804,0.01496668511806915,0.033082488509105445,1
0.06664519484067782,0.08840579959913804,0.01496668511806915,0.033082488509105445,0.06736688525945217,1
0.08840579959913804,0.01496668511806915,0.033082488509105445,0.06736688525945217,-0.07470453672708015,1
0.01496668511806915,0.033082488509105445,0.06736688525945217,-0.07470453672708015,0.05579869550140896,1
0.033082488509105445,0.06736688525945217,-0.07470453672708015,0.05579869550140896,-0.0798564954701607,1
0.06736688525945217,-0.07470453672708015,0.05579869550140896,-0.0798564954701607,0.0382811134218626,1
-0.07470453672708015,0.05579869550140896,-0.0798564954701607,0.0382811134218626,0.0461666406383034,0
0.05579869550140896,-0.0798564954701607,0.0382811134218626,0.0461666406383034,0.037065778896646535,1
-0.0798564954701607,0.0382811134218626,0.0461666406383034,0.037065778896646535,-0.10569669254483828,0
0.0382811134218626,0.0461666406383034,0.037065778896646535,-0.10569669254483828,-0.02014483316494188,0
0.0461666406383034,0.037065778896646535,-0.10569669254483828,-0.02014483316494188,0.10354129911044502,1
0.037065778896646535,-0.10569669254483828,-0.02014483316494188,0.10354129911044502,-0.10866973255928117,0
-0.10569669254483828,-0.02014483316494188,0.10354129911044502,-0.10866973255928117,0.03679849001143692,0
-0.02014483316494188,0.10354129911044502,-0.10866973255928117,0.03679849001143692,0.04262758119090897,1
0.10354129911044502,-0.10866973255928117,0.03679849001143692,0.04262758119090897,0.10622482320095529,1
-0.10866973255928117,0.03679849001143692,0.04262758119090897,0.10622482320095529,-0.04751608051894731,1
0.03679849001143692,0.04262758119090897,0.10622482320095529,-0.04751608051894731,0.06071428275788047,1
0.04262758119090897,0.10622482320095529,-0.04751608051894731,0.06071428275788047,0.07127721999283437,1
0.10622482320095529,-0.04751608051894731,0.06071428275788047,0.07127721999283437,-0.03113658430438598,1
-0.04751608051894731,0.06071428275788047,0.07127721999283437,-0.03113658430438598,0.08187245099896016,1
0.06071428275788047,0.07127721999283437,-0.03113658430438598,0.08187245099896016,-0.0181726208196054,1
0.07127721999283437,-0.03113658430438598,0.08187245099896016,-0.0181726208196054,0.052155110723712234,1
-0.03113658430438598,0.08187245099896016,-0.0181726208196054,0.052155110723712234,-0.03554798756274584,1
0.08187245099896016,-0.0181726208196054,0.052155110723712234,-0.03554798756274584,-0.08257298143321919,0
-0.0181726208196054,0.052155110723712234,-0.03554798756274584,-0.08257298143321919,-0.07935894957879663,0
0.052155110723712234,-0.03554798756274584,-0.08257298143321919,-0.07935894957879663,0.05973906907252794,0
-0.03554798756274584,-0.08257298143321919,-0.07935894957879663,0.05973906907252794,0.015195282779405688,0
-0.08257298143321919,-0.07935894957879663,0.05973906907252794,0.015195282779405688,0.007672252364175638,0
-0.07935894957879663,0.05973906907252794,0.015195282779405688,0.007672252364175638,0.08299065335322367,1
0.05973906907252794,0.015195282779405688,0.007672252364175638,0.08299065335322367,-0.02457338281744136,1
0.015195282779405688,0.007672252364175638,0.08299065335322367,-0.02457338281744136,-0.03531964281128031,1
0.007672252364175638,0.08299065335322367,-0.02457338281744136,-0.03531964281128031,0.0003364116667147147,1
0.08299065335322367,-0.02457338281744136,-0.03531964281128031,0.0003364116667147147,-0.0250849422419741,0
-0.02457338281744136,-0.03531964281128031,0.0003364116667147147,-0.0250849422419741,0.03376675937261782,0
-0.03531964281128031,0.0003364116667147147,-0.0250849422419741,0.03376675937261782,-0.11264662669984186,0
0.0003364116667147147,-0.0250849422419741,0.03376675937261782,-0.11264662669984186,-0.019085472459180793,0
-0.0250849422419741,0.03376675937261782,-0.11264662669984186,-0.019085472459180793,-0.0711015666409177,0
0.03376675937261782,-0.11264662669984186,-0.019085472459180793,-0.0711015666409177,-0.007872350140560778,0
-0.11264662669984186,-0.019085472459180793,-0.0711015666409177,-0.007872350140560778,-0.031453095811493914,0
-0.019085472459180793,-0.0711015666409177,-0.007872350140560778,-0.031453095811493914,-0.05732219422479404,0
-0.0711015666409177,-0.007872350140560778,-0.031453095811493914,-0.05732219422479404,-0.014797043631598401,0
-0.007872350140560778,-0.031453095811493914,-0.05732219422479404,-0.014797043631598401,0.0894498225688919,0
-0.031453095811493914,-0.05732219422479404,-0.014797043631598401,0.0894498225688919,-0.10608636193024093,0
-0.05732219422479404,-0.014797043631598401,0.0894498225688919,-0.10608636193024093,-0.022288696396034046,0
-0.014797043631598401,0.0894498225688919,-0.10608636193024093,-0.022288696396034046,0.09604509139191318,1
0.0894498225688919,-0.10608636193024093,-0.022288696396034046,0.09604509139191318,-0.05500486137702699,1
-0.10608636193024093,-0.022288696396034046,0.09604509139191318,-0.05500486137702699,0.07879780795835548,0
-0.022288696396034046,0.09604509139191318,-0.05500486137702699,0.07879780795835548,-0.12216662352908493,0
0.09604509139191318,-0.05500486137702699,0.07879780795835548,-0.12216662352908493,-0.13560525141356367,0
-0.05500486137702699,0.07879780795835548,-0.12216662352908493,-0.13560525141356367,-0.0511798927947556,0
0.07879780795835548,-0.12216662352908493,-0.13560525141356367,-0.0511798927947556,-0.10491750243858179,0
-0.12216662352908493,-0.13560525141356367,-0.0511798927947556,-0.10491750243858179,-0.026020316774565934,0
-0.13560525141356367,-0.0511798927947556,-0.10491750243858179,-0.026020316774565934,-0.07902518969846775,0
-0.0511798927947556,-0.10491750243858179,-0.026020316774565934,-0.07902518969846775,0.024114466484802553,0
-0.10491750243858179,-0.026020316774565934,-0.07902518969846775,0.024114466484802553,-0.0999111808023405,0
-0.026020316774565934,-0.07902518969846775,0.024114466484802553,-0.0999111808023405,0.04967139338852806,0
-0.07902518969846775,0.024114466484802553,-0.0999111808023405,0.04967139338852806,0.0951714262603892,0
0.024114466484802553,-0.0999111808023405,0.04967139338852806,0.0951714262603892,0.06589548041098334,1
-0.0999111808023405,0.04967139338852806,0.0951714262603892,0.06589548041098334,-0.043408287416211,1
0.04967139338852806,0.0951714262603892,0.06589548041098334,-0.043408287416211,0.06329186648569347,1
0.0951714262603892,0.06589548041098334,-0.043408287416211,0.06329186648569347,0.026388946979637305,1
0.06589548041098334,-0.043408287416211,0.06329186648569347,0.026388946979637305,0.018909268907748637,1
-0.043408287416211,0.06329186648569347,0.026388946979637305,0.018909268907748637,0.09065048958995096,1
0.06329186648569347,0.026388946979637305,0.018909268907748637,0.09065048958995096,0.09391928562384938,1
0.026388946979637305,0.018909268907748637,0.09065048958995096,0.09391928562384938,-0.002165910642569232,1
0.018909268907748637,0.09065048958995096,0.09391928562384938,-0.002165910642569232,0.06764390729211901,1
0.09065048958995096,0.09391928562384938,-0.002165910642569232,0.06764390729211901,-0.024808916078548383,1
0.09391928562384938,-0.002165910642569232,0.06764390729211901,-0.024808916078548383,0.08907236866657693,1
-0.002165910642569232,0.06764390729211901,-0.024808916078548383,0.08907236866657693,0.008429294278215472,1
0.06764390729211901,-0.024808916078548383,0.08907236866657693,0.008429294278215472,0.011979350273140434,1
-0.024808916078548383,0.08907236866657693,0.008429294278215472,0.011979350273140434,-0.029830357719303962,1
0.08907236866657693,0.008429294278215472,0.011979350273140434,-0.029830357719303962,-0.03049976356171684,1
0.008429294278215472,0.011979350273140434,-0.029830357719303962,-0.03049976356171684,-0.1350737952431254,0
0.011979350273140434,-0.029830357719303962,-0.03049976356171684,-0.1350737952431254,0.06486652945520052,0
-0.029830357719303962,-0.03049976356171684,-0.1350737952431254,0.06486652945520052,-0.03035507437286641,0
-0.03049976356171684,-0.1350737952431254,0.06486652945520052,-0.03035507437286641,-0.036371328438195266,0
-0.1350737952431254,0.06486652945520052,-0.03035507437286641,-0.036371328438195266,-0.05503842624617045,0
0.06486652945520052,-0.03035507437286641,-0.036371328438195266,-0.05503842624617045,-0.09371536586201212,0
-0.03035507437286641,-0.036371328438195266,-0.05503842624617045,-0.09371536586201212,-0.116658453155993,0
-0.036371328438195266,-0.05503842624617045,-0.09371536586201212,-0.116658453155993,-0.12075046628098844,0
-0.05503842624617045,-0.09371536586201212,-0.116658453155993,-0.12075046628098844,-0.11227675476203312,0
-0.09371536586201212,-0.116658453155993,-0.12075046628098844,-0.11227675476203312,-0.06311293125544183,0
-0.116658453155993,-0.12075046628098844,-0.11227675476203312,-0.06311293125544183,-0.026093760505402002,0
-0.12075046628098844,-0.11227675476203312,-0.06311293125544183,-0.026093760505402002,-0.07821991372557921,0
-0.11227675476203312,-0.06311293125544183,-0.026093760505402002,-0.07821991372557921,0.0734199870566181,0
-0.06311293125544183,-0.026093760505402002,-0.07821991372557921,0.0734199870566181,-0.11872294647306564,0
-0.026093760505402002,-0.07821991372557921,0.0734199870566181,-0.11872294647306564,0.040450027338028674,0
-0.07821991372557921,0.0734199870566181,-0.11872294647306564,0.040450027338028674,0.05220612537013535,0
0.0734199870566181,-0.11872294647306564,0.040450027338028674,0.05220612537013535,0.08709110361258608,1
-0.11872294647306564,0.040450027338028674,0.05220612537013535,0.08709110361258608,-0.046049790208052964,1
0.040450027338028674,0.05220612537013535,0.08709110361258608,-0.046049790208052964,-0.034981014214852585,1
0.05220612537013535,0.08709110361258608,-0.046049790208052964,-0.034981014214852585,-0.08967549029131637,0
0.08709110361258608,-0.046049790208052964,-0.034981014214852585,-0.08967549029131637,-0.0815875870225598,0
-0.046049790208052964,-0.034981014214852585,-0.08967549029131637,-0.0815875870225598,-0.022083385793174797,0
-0.034981014214852585,-0.08967549029131637,-0.0815875870225598,-0.022083385793174797,-0.07732099283888619,0
-0.08967549029131637,-0.0815875870225598,-0.022083385793174797,-0.07732099283888619,0.016963272420260474,0
-0.0815875870225598,-0.022083385793174797,-0.07732099283888619,0.016963272420260474,-0.0688888117378485,0
-0.022083385793174797,-0.07732099283888619,0.016963272420260474,-0.0688888117378485,0.059434676995977306,0
-0.07732099283888619,0.016963272420260474,-0.0688888117378485,0.059434676995977306,0.07696962779465706,1
0.016963272420260474,-0.0688888117378485,0.059434676995977306,0.07696962779465706,0.0963170409001435,1
-0.0688888117378485,0.059434676995977306,0.07696962779465706,0.0963170409001435,-0.126675226167046,1
0.059434676995977306,0.07696962779465706,0.0963170409001435,-0.126675226167046,0.09154253348927194,1
0.07696962779465706,0.0963170409001435,-0.126675226167046,0.09154253348927194,-0.04290814985671815,1
0.0963170409001435,-0.126675226167046,0.09154253348927194,-0.04290814985671815,-0.017103855957946723,1
-0.126675226167046,0.09154253348927194,-0.04290814985671815,-0.017103855957946723,0.0049647727501644584,0
0.09154253348927194,-0.04290814985671815,-0.017103855957946723,0.0049647727501644584,-0.021951136362016767,1
-0.04290814985671815,-0.017103855957946723,0.0049647727501644584,-0.021951136362016767,-0.11499794444068079,0
-0.017103855957946723,0.0049647727501644584,-0.021951136362016767,-0.11499794444068079,0.041783477589880554,0
0.0049647727501644584,-0.021951136362016767,-0.11499794444068079,0.041783477589880554,-0.10425475630322396,0
-0.021951136362016767,-0.11499794444068079,0.041783477589880554,-0.10425475630322396,0.09458372184572304,0
-0.11499794444068079,0.041783477589880554,-0.10425475630322396,0.09458372184572304,-0.08718248427206023,0
0.041783477589880554,-0.10425475630322396,0.09458372184572304,-0.08718248427206023,-0.009581112285017979,0
-0.10425475630322396,0.09458372184572304,-0.08718248427206023,-0.009581112285017979,-0.04134166351421419,0
0.09458372184572304,-0.08718248427206023,-0.009581112285017979,-0.04134166351421419,-0.06963513523468401,0
-0.08718248427206023,-0.009581112285017979,-0.04134166351421419,-0.06963513523468401,-0.09180721776291818,0
-0.009581112285017979,-0.04134166351421419,-0.06963513523468401,-0.09180721776291818,-0.10614237123958893,0
-0.04134166351421419,-0.06963513523468401,-0.09180721776291818,-0.10614237123958893,-0.12756584349377537,0
-0.06963513523468401,-0.09180721776291818,-0.10614237123958893,-0.12756584349377537,-0.10464442321490038,0
-0.09180721776291818,-0.10614237123958893,-0.12756584349377537,-0.10464442321490038,-0.1239002954383562,0
-0.10614237123958893,-0.12756584349377537,-0.10464442321490038,-0.1239002954383562,-0.1335832257654856,0
-0.12756584349377537,-0.10464442321490038,-0.1239002954383562,-0.1335832257654856,0.03174581736848382,0
-0.10464442321490038,-0.1239002954383562,-0.1335832257654856,0.03174581736848382,-0.08516460597215153,0
-0.1239002954383562,-0.1335832257654856,0.03174581736848382,-0.08516460597215153,0.03582786917560501,0
-0.1335832257654856,0.03174581736848382,-0.08516460597215153,0.03582786917560501,0.00743718933271871,0
0.03174581736848382,-0.08516460597215153,0.03582786917560501,0.00743718933271871,-0.11213294078550465,0
-0.08516460597215153,0.03582786917560501,0.00743718933271871,-0.11213294078550465,0.09757275842257017,0
0.03582786917560501,0.00743718933271871,-0.11213294078550465,0.09757275842257017,0.09479246542017064,1
0.00743718933271871,-0.11213294078550465,0.09757275842257017,0.09479246542017064,0.08487753240525883,1
-0.11213294078550465,0.09757275842257017,0.09479246542017064,0.08487753240525883,0.09902242088194817,1
0.09757275842257017,0.09479246542017064,0.08487753240525883,0.09902242088194817,0.010236987112748362,1
0.09479246542017064,0.08487753240525883,0.09902242088194817,0.010236987112748362,0.07325454874960989,1
0.08487753240525883,0.09902242088194817,0.010236987112748362,0.07325454874960989,0.06942102912782346,1
0.09902242088194817,0.010236987112748362,0.07325454874960989,0.06942102912782346,0.04232029153757909,1
0.010236987112748362,0.07325454874960989,0.06942102912782346,0.04232029153757909,-0.009032511641526506,1
0.07325454874960989,0.06942102912782346,0.04232029153757909,-0.009032511641526506,-0.07067787981690736,1
0.06942102912782346,0.04232029153757909,-0.009032511641526506,-0.07067787981690736,-0.10838031052190457,0
0.04232029153757909,-0.009032511641526506,-0.07067787981690736,-0.10838031052190457,-0.05332290957611535,0
-0.009032511641526506,-0.07067787981690736,-0.10838031052190457,-0.05332290957611535,-0.11684152933231497,0
-0.07067787981690736,-0.10838031052190457,-0.05332290957611535,-0.11684152933231497,0.049733194688659305,0
-0.10838031052190457,-0.05332290957611535,-0.11684152933231497,0.049733194688659305,-0.10796631606292946,0
-0.05332290957611535,-0.11684152933231497,0.049733194688659305,-0.10796631606292946,-0.012739569818502997,0
-0.11684152933231497,0.049733194688659305,-0.10796631606292946,-0.012739569818502997,0.03167176378723318,0
0.049733194688659305,-0.10796631606292946,-0.012739569818502997,0.03167176378723318,-0.10912149537578957,0
-0.10796631606292946,-0.012739569818502997,0.03167176378723318,-0.10912149537578957,-0.10610471078718126,0
-0.012739569818502997,0.03167176378723318,-0.10912149537578957,-0.10610471078718126,-0.04149660506612895,0
0.03167176378723318,-0.10912149537578957,-0.10610471078718126,-0.04149660506612895,0.10570115118712273,0
-0.10912149537578957,-0.10610471078718126,-0.04149660506612895,0.10570115118712273,0.07670194384176877,0
-0.10610471078718126,-0.04149660506612895,0.10570115118712273,0.07670194384176877,0.09035486128479003,1
-0.04149660506612895,0.10570115118712273,0.07670194384176877,0.09035486128479003,-0.10587121548535108,1
0.10570115118712273,0.07670194384176877,0.09035486128479003,-0.10587121548535108,0.027122691238570248,1
0.07670194384176877,0.09035486128479003,-0.10587121548535108,0.027122691238570248,0.08981718275463688,1
0.09035486128479003,-0.10587121548535108,0.027122691238570248,0.08981718275463688,0.08481436304999367,1
-0.10587121548535108,0.027122691238570248,0.08981718275463688,0.08481436304999367,-0.017197931991762335,1
0.027122691238570248,0.08981718275463688,0.08481436304999367,-0.017197931991762335,0.01239830638318082,1
0.08981718275463688,0.08481436304999367,-0.017197931991762335,0.01239830638318082,0.09870938244157071,1
0.08481436304999367,-0.017197931991762335,0.01239830638318082,0.09870938244157071,-0.025046183244068647,1
-0.017197931991762335,0.01239830638318082,0.09870938244157071,-0.025046183244068647,0.10194185327906506,1
0.01239830638318082,0.09870938244157071,-0.025046183244068647,0.10194185327906506,-0.05210905571615836,1
0.09870938244157071,-0.025046183244068647,0.10194185327906506,-0.05210905571615836,0.02824044236248472,1
-0.025046183244068647,0.10194185327906506,-0.05210905571615836,0.02824044236248472,-0.05026278510661268,1
0.10194185327906506,-0.05210905571615836,0.02824044236248472,-0.05026278510661268,0.06022945044044078,1
-0.05210905571615836,0.02824044236248472,-0.05026278510661268,0.06022945044044078,-0.054470481664084185,0
0.02824044236248472,-0.05026278510661268,0.06022945044044078,-0.054470481664084185,-0.01082141647282245,0
-0.05026278510661268,0.06022945044044078,-0.054470481664084185,-0.01082141647282245,0.0919354724158737,1
0.06022945044044078,-0.054470481664084185,-0.01082141647282245,0.0919354724158737,0.09747171856779159,1
-0.054470481664084185,-0.01082141647282245,0.0919354724158737,0.09747171856779159,0.0955165055951563,1
-0.01082141647282245,0.0919354724158737,0.09747171856779159,0.0955165055951563,-0.07296730156637096,1
0.0919354724158737,0.09747171856779159,0.0955165055951563,-0.07296730156637096,-0.051871133373743945,1
0.09747171856779159,0.0955165055951563,-0.07296730156637096,-0.051871133373743945,0.025669807922903284,1
0.0955165055951563,-0.07296730156637096,-0.051871133373743945,0.025669807922903284,-0.026962985605411736,0
-0.07296730156637096,-0.051871133373743945,0.025669807922903284,-0.026962985605411736,-0.09278387574865114,0
-0.051871133373743945,0.025669807922903284,-0.026962985605411736,-0.09278387574865114,0.09941284697447812,0
0.025669807922903284,-0.026962985605411736,-0.09278387574865114,0.09941284697447812,-0.10016039583767117,0
-0.026962985605411736,-0.09278387574865114,0.09941284697447812,-0.10016039583767117,-0.019806490447331144,0
-0.09278387574865114,0.09941284697447812,-0.10016039583767117,-0.019806490447331144,-0.09840017130146382,0
0.09941284697447812,-0.10016039583767117,-0.019806490447331144,-0.09840017130146382,-0.03942972720599499,0
-0.10016039583767117,-0.019806490447331144,-0.09840017130146382,-0.03942972720599499,-0.01676932939651228,0
-0.019806490447331144,-0.09840017130146382,-0.03942972720599499,-0.01676932939651228,0.03627655438626028,0
-0.09840017130146382,-0.03942972720599499,-0.01676932939651228,0.03627655438626028,0.08107189576334192,0
-0.03942972720599499,-0.01676932939651228,0.03627655438626028,0.08107189576334192,0.020857730856546023,1
-0.01676932939651228,0.03627655438626028,0.08107189576334192,0.020857730856546023,0.06644956017290164,1
0.03627655438626028,0.08107189576334192,0.020857730856546023,0.06644956017290164,0.09130985294975874,1
0.08107189576334192,0.020857730856546023,0.06644956017290164,0.09130985294975874,-0.08017286117057947,1
0.020857730856546023,0.06644956017290164,0.09130985294975874,-0.08017286117057947,-0.017419518642736866,1
0.06644956017290164,0.09130985294975874,-0.08017286117057947,-0.017419518642736866,-0.05567952974856803,1
0.09130985294975874,-0.08017286117057947,-0.017419518642736866,-0.05567952974856803,0.09648394355583809,1
-0.08017286117057947,-0.017419518642736866,-0.05567952974856803,0.09648394355583809,-0.09461550646851968,0
-0.017419518642736866,-0.05567952974856803,0.09648394355583809,-0.09461550646851968,-0.09234843673995785,0
-0.05567952974856803,0.09648394355583809,-0.09461550646851968,-0.09234843673995785,-0.13233660183925863,0
0.09648394355583809,-0.09461550646851968,-0.09234843673995785,-0.13233660183925863,-0.09359429135647683,0
-0.09461550646851968,-0.09234843673995785,-0.13233660183925863,-0.09359429135647683,-0.01785548686135608,0
-0.09234843673995785,-0.13233660183925863,-0.09359429135647683,-0.01785548686135608,0.022107504821495445,0
-0.13233660183925863,-0.09359429135647683,-0.01785548686135608,0.022107504821495445,-0.1004653244267168,0
-0.09359429135647683,-0.01785548686135608,0.022107504821495445,-0.1004653244267168,-0.03867544337422739,0
-0.01785548686135608,0.022107504821495445,-0.1004653244267168,-0.03867544337422739,0.1025737368996808,0
0.022107504821495445,-0.1004653244267168,-0.03867544337422739,0.1025737368996808,0.00702896353704057,0
-0.1004653244267168,-0.03867544337422739,0.1025737368996808,0.00702896353704057,-0.1347428516938977,0
-0.03867544337422739,0.1025737368996808,0.00702896353704057,-0.1347428516938977,-0.01985580952156173,0
0.1025737368996808,0.00702896353704057,-0.1347428516938977,-0.01985580952156173,0.0579309030292944,1
0.00702896353704057,-0.1347428516938977,-0.01985580952156173,0.0579309030292944,0.04193569343650207,0
-0.1347428516938977,-0.01985580952156173,0.0579309030292944,0.04193569343650207,-0.04706766959019641,0
-0.01985580952156173,0.0579309030292944,0.04193569343650207,-0.04706766959019641,0.049631006069438675,1
0.0579309030292944,0.04193569343650207,-0.04706766959019641,0.049631006069438675,0.08982083670702212,1
0.04193569343650207,-0.04706766959019641,0.049631006069438675,0.08982083670702212,-0.019796151228935042,1
-0.04706766959019641,0.049631006069438675,0.08982083670702212,-0.019796151228935042,-0.0641861980368578,1
0.049631006069438675,0.08982083670702212,-0.019796151228935042,-0.0641861980368578,-0.03166841151467345,1
0.08982083670702212,-0.019796151228935042,-0.0641861980368578,-0.03166841151467345,-0.12327982355178546,0
-0.019796151228935042,-0.0641861980368578,-0.03166841151467345,-0.12327982355178546,-0.005397311787794108,0
-0.0641861980368578,-0.03166841151467345,-0.12327982355178546,-0.005397311787794108,0.006183006284985387,0
-0.03166841151467345,-0.12327982355178546,-0.005397311787794108,0.006183006284985387,0.022469129588651854,0
-0.12327982355178546,-0.005397311787794108,0.006183006284985387,0.022469129588651854,0.0710492456964327,0
-0.005397311787794108,0.006183006284985387,0.022469129588651854,0.0710492456964327,-0.11626505654282211,0
0.006183006284985387,0.022469129588651854,0.0710492456964327,-0.11626505654282211,-0.04703245017468359,0
0.022469129588651854,0.0710492456964327,-0.11626505654282211,-0.04703245017468359,0.007367235885232678,0
0.0710492456964327,-0.11626505654282211,-0.04703245017468359,0.007367235885232678,-0.12036061145734166,0
-0.11626505654282211,-0.04703245017468359,0.007367235885232678,-0.12036061145734166,-0.1080533219598496,0
-0.04703245017468359,0.007367235885232678,-0.12036061145734166,-0.1080533219598496,0.04664856479651862,0
0.007367235885232678,-0.12036061145734166,-0.1080533219598496,0.04664856479651862,-0.010388467008141685,0
-0.12036061145734166,-0.1080533219598496,0.04664856479651862,-0.010388467008141685,-0.00850470112595703,0
